OUTLET_NAME,WEBSITE,PRIMARY_MEDIA,City_Based,Region_Based,FREQ,MONTHLY_USERS,NEWS_STAFFING_FTES,NEWS_CONTRIB_FTES,LANGUAGE,TRANSLATION?,Year_Founded,OWNER,OWNER_TYPE,Social_Media_Facebook,Social_Media_Instagram,Social_Media_YouTube,Social_Media_X,Social_Media_TikTok,Social_Media_Other,NEWS_CONTENT_INDEX,NEWS_CONTENT_REMARKS,LAST_UPDATE,Address_Street,Address_City,Address_County,Address_State,Address_Zip,COUNTIES_SERVED,latitude,longitude,improved_latitude,improved_longitude,geocoding_status,full_address_used
505omatic,https://www.505omatic.com,Digital,Santa Fe,Central NM,Semi-Daily (fewer than 7 days a week),*,*,*,English,*,2025,Fernando Diaz,Private individual or family,,,,,,https://www.instagram.com/505omatic/?hl=en,1.5,Santa Fe-based collective producing social media coverage of arts and culture and community issues.,2025,63 Lincoln Ave.,Santa Fe,Santa Fe,NM,87504,"Bernalillo, Sandoval, Santa Fe",35.6877047,-105.9387678,35.6877047,-105.9387678,Success,"63 Lincoln Ave., Santa Fe, NM, 87504"
A:shiwi A:wan Messenger,https://www.ashiwi.org/AshiwiAwanMessenger.html,Digital,Zuni Pueblo,Northwest NM,Occasionally or Sporadically,*,*,*,English,*,*,Pueblo of Zuni,Nonprofit organization,,,,,,,1,"The official newsletter of the Zuni Pueblo government, mailed to member households and posted online several times per year.",2023,1203B State Highway 53,Zuni Pueblo,Mckinley,NM,87327,McKinley,35.0693961,-108.84939,35.0699596,-108.8458403,Success,"1203b NM-53, Zuni, NM 87327, USA"
Abiquiu News,www.abiquiunews.com,Digital,Abiquiu,North Central NM,Weekly,*,*,*,English,*,2013,Carol J Boney,Private individual or family,https://www.facebook.com/AbiquiuNews/,https://www.instagram.com/abiquiunews/,,,,,1.5,"A two-person hyperlocal site with some some community contributions and republished news for this area of about 1,200 people.",2025,4 County Road 187,Abiquiu,Rio Arriba,NM,87510,Rio Arriba,36.2090585,-106.3202946,36.2090585,-106.3202946,Success,"4 County Road 187, Abiquiu, NM, 87510"
ABQ RAW,abqraw.com,Digital,Albuquerque,Central NM,More than once a day,600000,2,0,English,No,2016,Circled Wagons Management LLC,For profit organization,,"
https://www.instagram.com/abqraw/",https://www.youtube.com/@Abqraw,https://x.com/abqraw,,,1.25,"Digital video and photo content focusing on police and crime, self-described as ""unorthodox and at times irreverent.""",2025,"1330 San Pedro Drive Northeast, Suite 111",Albuquerque,Bernalillo,NM,87110,"Bernalillo, Sandoval",35.0841034,-106.650985,35.0902653,-106.577113,Success,"1330 San Pedro Dr NE #111, Albuquerque, NM 87110, USA"
After the Thunder,https://afterthethunder.com,Print,Jemez Springs,North Central NM,Monthly,*,*,*,English,No,2021,After the Thunder LLC,Private individual or family,https://www.facebook.com/billy.ehret/grid,,,,,,1.25,"Small paper and website with announcements and articles about community, arts, culture, vacation guide.",2025,080 Jemez Springs Plaza,Jemez Springs,Sandoval,NM,87025,Sandoval,35.7723307,-106.6899445,35.7723307,-106.6899445,Success,"080 Jemez Springs Plaza, Jemez Springs, NM, 87025"
Alamogordo Daily News,alamogordonews.com,Digital,Alamogordo,Eastern NM,Daily,5000,1.5,1.5,English,No,1898,El Rito Media,For profit organization,https://www.facebook.com/p/Alamogordo-Daily-News-100063480493287/,,,http://twitter.com/alamogordonews,,,2.25,"Small paper covering local government, sports and culture, plus shared regional content from other El Rito Mediapapers.",2025,1301 N White Sands Blvd,Alamogordo,Otero,NM,88012,Otero,32.9030085,-105.9608931,32.9030085,-105.9608931,Success,"1301 N White Sands Blvd, Alamogordo, NM, 88012"
Alamogordo Town News,https://2ndlifemediaalamogordo.town.news/,Digital,Alamogordo,Eastern NM,More than once a day,450000,2.25,3,English,No,2021,2nd Life Media Corp,Private individual or family,https://www.facebook.com/AlamogordoTownNews/,,,https://x.com/alamogordotown,,,1.5,"Website with announcements, calendars, press releases, opinion and occasional reporting.",2025,1209 New York Avenue,Alamogordo,Otero,NM,88310,"Doña Ana, Lincoln, Otero",32.9038746,-105.9590696,32.9038746,-105.9590696,Success,"1209 New York Avenue, Alamogordo, NM, 88310"
Albuquerque Business First,https://www.bizjournals.com/albuquerque,Digital,Albuquerque,Central NM,More than once a day,8000,14,0.2,English,No,1982,American City Business Journals,For profit organization,https://www.facebook.com/AlbuquerqueBusinessFirst,https://www.instagram.com/abqbusinessjournal/,,https://x.com/ABQBizFirst,,,2.25,"American City Business Journals outlet covering business, real estate and tech online and in print, with regular special issues and events.",2025,"6565 Americas Parkway, Suite 770",Albuquerque,Bernalillo,NM,87110,All,35.0841034,-106.650985,35.1005858,-106.5708737,Success,"6565 Americas Pkwy #770, Albuquerque, NM 87110, USA"
Albuquerque Community Media,https://www.cabq.gov/artsculture/govtv,Television,Albuquerque,Central NM,Weekly,*,*,*,English,No,1981,City of Albuquerque,Nonprofit organization,https://www.facebook.com/OneABQMedia/,https://www.instagram.com/oneabqmedia/,https://www.youtube.com/channel/UCdpRwD5FA0g3ynJWxGk7BVQ,,,https://www.cabq.gov/artsculture/govtv/one-albuquerque-media-podcast Podcast website,1.25,"City of ABQ public access channels programmed by vendors and citizens as public access, educational, community events and government proceedings.",2025,519 Central NW,Albuquerque,Bernalillo,NM,87104,Bernalillo,35.0841034,-106.650985,35.0851142,-106.6536326,Success,"519 Central NW, Albuquerque, NM, 87104"
Albuquerque Journal,www.abqjournal.com,Digital,Albuquerque,Central NM,More than once a day,1012000,40,6,English,Yes - Spanish,1882,Lang family (local ABQ),Private individual or family,https://www.facebook.com/TheAlbuquerqueJournal,https://www.instagram.com/abqjournal/,https://www.youtube.com/channel/UClfbSj-gmJ5J02lAbMYAFkQ,https://twitter.com/abqjournal,https://www.tiktok.com/@abqjournal,App: https://apps.apple.com/us/app/albuquerque-journal-newspaper/id452844819,3,"The state's largest daily newspaper, now digital-first, with original reporting on crime, business, sports, government, arts and entertainment.",2025,7777 Jefferson NE,Albuquerque,Bernalillo,NM,87109,All,35.1688953,-106.5901739,35.1688953,-106.5901739,Success,"7777 Jefferson NE, Albuquerque, NM, 87109"
Albuquerque The Magazine,abqthemag.com,Print,Albuquerque,Central NM,Monthly,11594,*,*,English,*,2004,"Larryl Lynch, Gena Goodson",For profit organization,https://www.facebook.com/abqthemag/,https://www.instagram.com/abqthemag/?hl=en,,https://x.com/abqthemag,,,1.5,Glossy city monthly with lifestyle features and events.,2025,1550 Mercantile Ave. NE,Albuquerque,Bernalillo,NM,87107,Bernalillo,35.1352579,-106.6073562,35.1352579,-106.6073562,Success,"1550 Mercantile Ave. NE, Albuquerque, NM, 87107"
Artesia Daily Press,artesianews.com,Print,Artesia,Eastern NM,Weekly,1500,5,5,English,No,2023,"El Rito Media, LLC",For profit organization,https://www.facebook.com/artesianews/,,,http://twitter.com/artesianews,,,2.25,Local newspaper with local sports plus government and events; with shared content from other El Rito Media papers.,2025,503 W. Main Street,Artesia,Eddy,NM,88210,Eddy,32.842122,-104.4024803,32.842122,-104.4024803,Success,"503 W. Main Street, Artesia, NM, 88210"
Associated Press,https://apnews.com,Multiplatform,Albuquerque,Central NM,More than once a day,*,*,*,English,*,1846,Associated Press Inc,Nonprofit organization,https://www.facebook.com/APNews,https://www.instagram.com/apnews/,,https://twitter.com/ap,,,3,"An experienced team covering state government, elections, natural disasters and other local news of national interest to member outlets.",2025,5130 San Francisco Rd NE,Albuquerque,Bernalillo,NM,87108,All,35.1674074,-106.5889273,35.1674074,-106.5889273,Success,"5130 San Francisco Rd NE, Albuquerque, NM, 87108"
Boomtown Los Alamos,www.boomtownlosalamos.org,Digital,Los Alamos,North Central NM,Semi-Daily (fewer than 7 days a week),1400,3,1,English,No,2023,Founders/partners: Minesh Bacrania and Stephanie Nakhleh,For profit organization,https://www.facebook.com/p/Boomtown-Los-Alamos-61559018636903/,https://www.instagram.com/boomtownlosalamos/,,,,Substack https://www.boomtownlosalamos.org/,2.25,"A Substack startup website and newsletter covering local government, events and culture.",2025,2902 Woodland,Los Alamos,Los ALamos,NM,87544,Los Alamos,35.9030078,-106.308446,35.9030078,-106.308446,Success,"2902 Woodland, Los Alamos, NM, 87544"
Camino Real Media,www.caminorealmedia.com,Print,El Paso,Out of State,Bi-Weekly (every other week),20000,2,0,Spanish,No,2013,Marisela Villanueva,Private individual or family,https://www.facebook.com/Caminorealmedia/?profile_tab_item_selected=about&_rdr,https://www.instagram.com/caminorealmedia/,https://www.youtube.com/channel/UC6OXRCne-Y5Cz5CmEUZK4gA,https://x.com/caminorealmedia,,,1.5,"Borderland print and online Spanish-language news, annoucements, releases, commentary.",2025,"6112 N. MESA ST, Suite 6500",El Paso,El Paso,TX,79912,"Doña Ana, Luna",31.7601164,-106.4870412,31.8318864,-106.531328,Success,"6112 N Mesa St #6500, El Paso, TX 79912, USA"
Carlsbad Current-Argus,www.currentargus.com,Print,Carlsbad,Eastern NM,Semi-Daily (fewer than 7 days a week),1500,1.5,1,English,No,1889,"El Rito Media, LLC",For profit organization,https://www.facebook.com/CarlsbadCurrentArgus/,https://www.instagram.com/currentargus/?hl=en,,https://twitter.com/ccurrentargus,,,2.25,"Small paper covering local government, sports and culture, plus shared regional content from other El Rito Media papers.",2025,"400-2 Cascades Ave., Suite 101",Carlsbad,Eddy,NM,88220,Eddy,32.4257456,-104.237612,32.425359,-104.2236226,Success,"400-2 Cascades Ave #101, Carlsbad, NM 88220, USA"
Carlsbad Local,https://www.carlsbadlocalnews.com/,Print,Carlsbad,Eastern NM,Weekly,2500,1,0.8,English,No,2010,Cavern City Media,For profit organization,https://www.carlsbadlocalnews.com/,,,,,,2,A weekly print and digital outlet with some original reporting plus local announcements and press releases.,2025,1707 North Mesa Street,Carlsbad,Eddy,NM,88220,Eddy,32.4496624,-104.2364335,32.4496624,-104.2364335,Success,"1707 North Mesa Street, Carlsbad, NM, 88220"
CATS-TV,catsilver.org,Television,Silver City,Southwest NM,Occasionally or Sporadically,5000,0,0,English,No,1997,Community Access TV for Silver City,Nonprofit organization,https://www.facebook.com/people/CATS-Community-Access-Television-of-Silver/100064333080037/#,,,,,,2,"Community Access Television of Silver - cable access system offers local productions, government proceedings, etc.",2025,213 N Bullard Street,Silver City,Grant,NM,88062,Grant,32.7699424,-108.2765853,32.7699424,-108.2765853,Success,"213 N Bullard Street, Silver City, NM, 88062"
Cibola Citizen,cibolacitizen.com,Digital,Grants,Northwest NM,Weekly,*,*,*,English,*,2017,Brett Wesner,For profit organization,https://www.facebook.com/CibolaCitizen/,,,https://twitter.com/cibolacitizen,,,2.5,"A weekly newspaper of notable depth for its size, with strong coverage of local schools, sports and government; includes content from Grants High School student journalists.",2025,200 Santa Fe Ave.,Grants,Cibola,NM,87020,Cibola,35.149823,-107.848092,35.149823,-107.848092,Success,"200 Santa Fe Ave., Grants, NM, 87020"
City Desk ABQ,https://citydesk.org,Digital,Albuquerque,Central NM,Daily,48000,4.5,3,English,No,2024,Citizen Media Group,Nonprofit organization,https://www.facebook.com/citydeskabq/,,,https://twitter.com/citydeskabq,,,2.25,Albuquerque news site and newsletter; a nonprofit member of the extended nm.news family.,2025,"317 Commercial St NE, #2",Albuquerque,Bernalillo,NM,87102,Bernalillo,35.0841034,-106.650985,35.0862751,-106.646143,Success,"317 Commercial St NE #2, Albuquerque, NM 87102, USA"
Cloudcroft Reader,Www.Cloudcroftreader.com,Digital,Cloudcroft,Eastern NM,Weekly,4000,1.5,0,English,No,2023,Sacramento Mountain News LLC,Private individual or family,,https://www.instagram.com/cloudcroftreader/,,,,Substack https://www.cloudcroftreader.com/,2.5,"A small, independent startup doing original reporting on government and lifestyle issues via Substack in Cloudcroft (pop. 750).",2025,20 Curlew Place,Cloudcroft,Otero,NM,88317,Otero,32.9583425,-105.7441702,32.9583425,-105.7441702,Success,"20 Curlew Place, Cloudcroft, NM, 88317"
Clovis Livestock Market News,debacacountynews.com,Print,Fort Sumner,Eastern NM,Weekly,1365,1,0,English,*,1900,Marshall Scot Stinnett,Private individual or family,https://www.facebook.com/debacanews/?ref=embed_page#,,,,,,2,Weekly newspaper covering cattle ranching and ag news in eastern NM.,2025,182 E. Sumner Ave.,Fort Sumner,De Baca,NM,88119,De Baca,34.4710446,-104.2435375,34.4710446,-104.2435375,Success,"182 E. Sumner Ave., Fort Sumner, NM, 88119"
Corrales Comment,https://corralescomment.com,Print,Corrales,Central NM,Bi-Weekly (every other week),2500,1,1,English,No,1982,Ctrl+P Publishing,For profit organization,https://www.facebook.com/corralescomment/,https://www.instagram.com/corralescomment/,,https://x.com/corralesnews,,,2,"Bi-weekly free paper mailed to Corrales households, updated more frequently online, plus newsletter; news by the shared nm.news team.",2025,"4101 CORRALES RD, #1810",Corrales,Sandoval,NM,87048,Sandoval,35.2382346,-106.6069727,35.2212565,-106.6192316,Success,"4101 Corrales Rd #1810, Corrales, NM 87048, USA"
CrimsonWire,https://crimsonwire.org/,Digital,Las Cruces,Southwest NM,Semi-Daily (fewer than 7 days a week),*,4,1.5,English,Yes - Spanish,2024,New Mexico State University Department of Journalism and Media Studies,Nonprofit organization,https://www.facebook.com/CrimsonWireNMSU/,https://www.instagram.com/crimsonwirenmsu/,,,,,2.5,"Digital, multiplatform, original reporting by student journalists at NMSU, focused on campus and Las Cruces.",2025,2915 McFie Circle,Las Cruces,Doña Ana,NM,88003,Doña Ana,32.3140354,-106.779807,32.2825764,-106.7496664,Success,"2915 McFie Cir, Las Cruces, NM 88003, USA"
Daily Lobo,https://www.dailylobo.com,Digital,Albuquerque,Central NM,Semi-Daily (fewer than 7 days a week),*,0,5,English,No,1895,UNM Student Publications,Nonprofit organization,https://www.facebook.com/DailyLobo/,,https://www.youtube.com/user/dailylobo,https://x.com/dailylobo,,,2.25,"Univeristy of New Mexico's indepedent student paper, focusing on campus government, events, arts and culture, plus some Albuquerque news.",2025,1155 University Blvd. SE,Albuquerque,Bernalillo,NM,87106,Bernalillo,35.0696042,-106.6309954,35.0696042,-106.6309954,Success,"1155 University Blvd. SE, Albuquerque, NM, 87106"
De Baca County News,debacacountynews.com,Print,Fort Sumner,Eastern NM,Weekly,1365,1,0,English,*,1900,Marshall Scot Stinnett,Private individual or family,https://www.facebook.com/debacanews/?ref=embed_page#,,,,,,2.25,"Weekly newspaper with strong reporting on government, schools and industry in DeBaca County (pop. 1,600).",2025,181 E. Sumner Ave.,Fort Sumner,De Baca,NM,88119,De Baca,34.471049,-104.2435506,34.471049,-104.2435506,Success,"181 E. Sumner Ave., Fort Sumner, NM, 88119"
Deming Headlight,https://www.demingheadlight.com/,Print,Deming,Southwest NM,Semi-Daily (fewer than 7 days a week),3000,2,0,English,No,1881,Silver City Independent Publishing Co LLC,Private individual or family,https://www.facebook.com/demingheadlight/,https://www.instagram.com/explore/locations/74502500/the-deming-headlight/?hl=en#,,http://www.twitter.com/demingheadlight,,,2,"Independent newspaper publishing twice weekly with coverage of local government, business, sports and events.",2025,122 S Silver Ave,Deming,Luna,NM,88030,Luna,32.2685019,-107.7575154,32.2685019,-107.7575154,Success,"122 S Silver Ave, Deming, NM, 88030"
Desert Exposure,https://www.desertexposure.com,Print,Las Cruces,Southwest NM,Monthly,30000,1,0.3,English,No,1996,Osteen Media Group,Private individual or family,https://www.facebook.com/DesertExposure/?ref=embed_page#,,,https://twitter.com/desertexposure,,,1.75,"A beefy free monthly magazine with deep coverage of arts, entertainment, environment and wellness.",2025,506 S. Main Suite 250,Las Cruces,Doña Ana,NM,88001,"Doña Ana, Grant, Luna, Otero, Sierra",32.3140354,-106.779807,32.3051429,-106.7786299,Success,"506 S Main St Suite 250, Las Cruces, NM 88001, USA"
Downtown Albuquerque News,downtownalbuquerquenews.com,Digital,Albuquerque,Central NM,Semi-Daily (fewer than 7 days a week),1500,1.5,0.5,English,No,2019,Peter Rice,For profit organization,https://www.facebook.com/downtownalbuquerquenews/,https://www.instagram.com/downtownalbuquerquenews/?hl=en,,,,,2.25,"Hyperlocal newsletter and site covering downtown Albuquerque neighborhoods, development, events and business.",2025,824 Iron Ave SW,Albuquerque,Bernalillo,NM,87102,Bernalillo,35.0802164,-106.6576539,35.0802164,-106.6576539,Success,"824 Iron Ave SW, Albuquerque, NM, 87102"
Eastern New Mexico News,www.easternnewmexiconews.com,Print,Clovis,Eastern NM,Semi-Daily (fewer than 7 days a week),*,2.51,1,English,No,1907,Stevenson Newspaper Group,Private individual or family,https://www.facebook.com/@theeasternnewmexiconews/,,,,,,2.25,"A consolidation of the Clovis News Journal, Portales News-Tribune and Quay County Sun newspapers that covers a wide swath of Eastern NM from Clovis and Tucumcari.",2025,521 Pile St.,Clovis,Curry,NM,88102,"Curry, De Baca, Roosevelt",34.4031499,-103.2039202,34.4031499,-103.2039202,Success,"521 Pile St., Clovis, NM, 88102"
Edible New Mexico,https://www.ediblenm.com/,Print,Albuquerque,Central NM,Quarterly,56000,1.5,9.6,English,No,2006,"Bite Size Media, LLC",For profit organization,https://www.facebook.com/ediblenewmexico,https://www.instagram.com/ediblenewmexico/#,https://www.youtube.com/channel/UC-vyS4BEUWFxX53c2lqVE1Q,,,Pinterest: https://www.pinterest.com/ediblenewmexico/,1.5,"Print magazine with active digital presence, original reporting focused on restaurants, food and the ""foodshed.""",2025,3301-R Coors Blvd. NW #152,Albuquerque,Bernalillo,NM,87120,"Bernalillo, Doña Ana, Grant, Los Alamos, Rio Arriba, San Miguel, Sandoval, Santa Fe, Socorro, Taos, Valencia",35.0841034,-106.650985,35.1208535,-106.7022547,Success,"3301 Coors Blvd NW # R, Albuquerque, NM 87120, USA"
El Defensor Chieftain,www.dchieftain.com,Print,Socorro,Southwest NM,Weekly,6000,2.5,0,English,No,1868,Number 9 Media,Private individual or family,https://www.facebook.com/eldefensorchieftain,https://www.instagram.com/edchieftain/,,https://twitter.com/EDChieftain,,,2.25,"A small but strong weekly paper covering government, sports, crime and culture in Socorro; same ownership as ABQ Journal.",2025,200 Winkler Street,Socorro,Socorro,NM,87801,"Catron, Sierra, Socorro, Valencia",34.0572858,-106.8930799,34.0562096,-106.8928797,Success,"200 Winkler St, Socorro, NM 87801, USA"
El Paso Matters,www.elpasomatters.org,Digital,El Paso,Out of State,More than once a day,95000,10,0,English,Yes - Spanish,2019,El Paso Matters Inc.,Nonprofit organization,https://www.facebook.com/elpasomatters,https://www.instagram.com/elpasomatters/,,https://x.com/elpasomatters,https://www.tiktok.com/@elpasomatters,Reddit: https://www.reddit.com/user/elpasomatters/,2,A strong team producing innovative in-depth and investigative reporting about El Paso and ocasionally New Mexico.,2025,"500 W. Overland, Suite 200",El Paso,El Paso,TX,79901,Doña Ana,31.7601172,-106.4870404,31.755365,-106.493226,Success,"500 W Overland Ave Suite 200, El Paso, TX 79901, USA"
Gallup Independent,http://gallupindependent.com/,Print,Gallup,Northwest NM,Daily,12282,3,0,English,*,*,Gallup Independent Newspapers Inc,For profit organization,https://www.facebook.com/GallupIndependent,,,https://x.com/gallupind,,,2.5,"Daily paper with watchdog coverage of the Gallup area, plus arts and culture. No online presence outside of E-edition, Facebook.",2023,500 N. Ninth Street,Gallup,McKinley,NM,87301,McKinley,35.5283506,-108.743907,35.5307423,-108.753486,Success,"500 N 9th St, Gallup, NM 87301, USA"
Gallup Journey,gallupjourney.com,Print,Gallup,Northwest NM,Monthly,60000,*,*,English,*,2004,Gallup Journey,Private individual or family,https://www.facebook.com/GallupJourney/,,,https://x.com/glpjourney,,,1.5,"A free monthly magazine with light coverage of events, arts and culture around Gallup.",2025,105 S. 3rd Street,Gallup,McKinley,NM,87301,McKinley,35.5274638,-108.7442354,35.5274638,-108.7442354,Success,"105 S. 3rd Street, Gallup, NM, 87301"
Gallup Sun,gallupsunweekly.com,Print,Gallup,Northwest NM,Weekly,40000,5,1.5,English,No,2015,Babette Herrmann,For profit organization,https://www.facebook.com/Gallupsun/,,,https://x.com/gallupsun,,,2.25,"A weekly newspaper covering Gallup and the Navajo Nation, publishing some original reporting plus press releases and announcements.",2025,1983 State Road 602,Gallup,McKinley,NM,87301,"Cibola, McKinley",35.5283514,-108.743915,35.5069918,-108.7429708,Success,"1983 NM-602, Gallup, NM 87301, USA"
Grant County Beat,https://www.grantcountybeat.com,Digital,Silver City,Southwest NM,More than once a day,90000,1,1.75,English,Yes - Spanish,2010,MAry Alice Murphy,Private individual or family,https://www.facebook.com/GrantCountyBeat/#,,,,,,2.25,"Online reporting from Silver City and environs, covering local government, environment and culture.",2025,500 N. Hudson St.,Silver City,Grant,NM,88062,"Catron, Grant, Hidalgo, Luna",32.7711825,-108.2764164,32.7715929,-108.274166,Success,"500 N. Hudson St., Silver City, NM, 88062"
Green Fire Times,https://www.greenfiretimes.com,Print,Santa Fe,North Central NM,Monthly,20000,2,24,English,Yes - Spanish,2009,"Green Earth Publishing / Southwest Learning Centers, Inc.",Nonprofit organization,https://www.facebook.com/GreenFireSocial/,,,https://x.com/greenfiretimes,,,2,Bimonthly environmental magazine and website that includes original reporting with submissions and news releases.,2025,"120 S. Federal  Plaza., Suite 101",Santa Fe,Santa Fe,NM,87504,"Bernalillo, McKinley, Mora, Rio Arriba, San Juan, Sandoval, Santa Fe, Taos",35.6876096,-105.938456,35.6912622,-105.9387014,Success,"joseph m Montoya Federal Building, 120 S Federal Pl STE 101, Santa Fe, NM 87501, USA"
Guadalupe County Communicator,http://www.route66news.com/tag/guadalupe-county-communicator/,Print,Santa Rosa,North Central NM,Weekly,2000,*,*,English,*,*,Tom McDonald,Private individual or family,,,,,,,2,Printed newspaper serving the Guadalupe County area.,2023,241 S 4th St,Santa Rosa,Guadalupe,NM,88435,Guadelupe,34.93867,-104.682489,34.9405682,-104.6861287,Success,"241 S 4th St, Santa Rosa, NM, 88435"
Hidalgo County Herald,hidalgoherald.com,Print,Lordsburg,Southwest NM,Weekly,2500,1,5,English,No,1999,Brenda Hood,For profit organization,https://www.facebook.com/hidalgocountyherald,,,,,,2,"Weekly newspaper with limited digital access, covers Lordsburg area with some original reporting plus press releases and announcements.",2025,212 E Motel Dr Ste B,Lordsburg,Hidalgo,NM,88045,Hidalgo,32.3504143,-108.708434,32.3497213,-108.7073818,Success,"212 E Motel Dr # B, Lordsburg, NM 88045, USA"
Hobbs News-Sun,www.hobbsnews.com,Print,Hobbs,Eastern NM,Daily,30000,7,1,English,Yes - Spanish,1932,Sunrise Publishing,For profit organization,https://www.facebook.com/hobbsnewssun,,https://www.youtube.com/channel/UCfW8lClCfjT6o64yyhRy8pw,https://twitter.com/HobbsNewsSun,,,2.5,"Daily newspaper with digital presence, covers Hobbs and Lea County with original reporting on government, sports, business and education.",2025,201 N. Thorp,Hobbs,Lea,NM,88240,Lea,32.7132792,-103.1395397,32.7132792,-103.1395397,Success,"201 N. Thorp, Hobbs, NM, 88240"
Isleta Pueblo News,https://www.isletapueblo.com/newsletters/,Digital,Isleta,Central NM,Monthly,*,*,*,English,*,*,Pueblo of Isleta,Nonprofit organization,https://www.facebook.com/PuebloOfIsleta/,,,,,,1.5,"The official monthly newsletter of Isleta Pueblo, with community features, plus announcements, legals and classifieds.",2023,117 Tribal Road 40,Isleta,Bernalillo,NM,87022,Valencia,34.9059449,-106.6968225,34.9059449,-106.6968225,Success,"117 Tribal Road 40, Isleta, NM, 87022"
Jal Record,https://jalrecord.net/,Print,Jal,Eastern NM,Weekly,1501,*,*,English,*,*,Cheryl Chance,Private individual or family,https://www.facebook.com/JalRecordNewspaper/,,,,,,2.25,"A weekly paper covering schools, government, sports and crime for a town of 2,000.",2023,101 E Panther Ave.,Jal,Lea,NM,88252,Lea,32.1109772,-103.1932315,32.1109772,-103.1932315,Success,"101 E Panther Ave., Jal, NM, 88252"
KALH,https://kalhradio.org/,Digital,Alamogordo,Eastern NM,More than once a day,30000,2,5,English,No,2003,Managed by 2nd Life Media ownership by a 501C4 nonprofit Southwestern Cultural Heritage Association,Nonprofit organization,https://www.facebook.com/kalhradio,,https://www.youtube.com/@KrazyKALHRadio,,,,1.25,Online audio stream airing local headlines and announcements with some commentary but little original reporting.,2025,1209 New York Avenue,Alamogordo,Otero,NM,88310,"Doña Ana, Lincoln, Otero",32.9038746,-105.9590696,32.9038746,-105.9590696,Success,"1209 New York Avenue, Alamogordo, NM, 88310"
KAMC-TV,https://www.everythinglubbock.com/,Television,"Lubbock, TX",Out of State,More than once a day,*,*,*,English,*,*,Nextstar Media Grp,For profit organization,https://www.facebook.com/KLBKNews/,https://www.instagram.com/klbknews/,https://www.youtube.com/channel/UCO8ww3uFGhQzgw9fSFi5bSQ,https://x.com/KLBKNews,,https://www.pinterest.com/everythinglubbock/,2,"Lubbock, Texas TV station that occasionally covers eastern New Mexico, especially weather and crime.",2022,7403 University Ave.,"Lubbock, TX",Lubbock,TX,79423,Curry,33.5259887,-101.8689226,33.5259887,-101.8689226,Success,"7403 University Ave., Lubbock, TX, TX, 79423"
KAMR-TV,https://www.myhighplains.com/,Television,Amarillo,Out of State,Daily,*,*,*,English,*,*,Nextstar Media Grp,For profit organization,https://www.facebook.com/KAMRLOCAL4NEWS/,https://www.instagram.com/kamrlocal4news/,https://www.youtube.com/channel/UCAbr42lrHfq-QzMKaVnU5mw,https://x.com/KAMRLocal4News,,,2,"Amarillo, Texas TV station that partly serves border communities in eastern New Mexico. Also programs KCIT-TV, KCPN-TV",2022,1015 Fillmore Street,Amarillo,Potter,TX,79101,"Union, Harding, Quay, Curry",35.2024014,-101.8351765,35.2024014,-101.8351765,Success,"1015 Fillmore Street, Amarillo, TX, 79101"
KANW-FM,http://kanw.com/ ,Radio,Albuquerque,Central NM,Daily,*,*,*,English,*,1983,ABQ Bd of Education,Nonprofit organization,https://www.facebook.com/profile.php?id=100043148096795#,,,https://x.com/kanwfm,,,1.5,"Albuquerque-based public radio station, licensed to school district, uses multiple channels to reach wide audience. Reads AP copy on-air; engaged with community, but no original reporting.",2022,2020 Coal Ave. SE,Albuquerque,Bernalillo,NM,87106,Bernallilo,35.0749514,-106.6251958,35.0749514,-106.6251958,Success,"2020 Coal Ave. SE, Albuquerque, NM, 87106"
KASA-TV,https://www.telemundonuevomexico.com/,Television,Albuquerque,Central NM,Daily,9324,8,*,Spanish,*,*,NBC Telemundo License,For profit organization,https://www.facebook.com/TelemundoNM/,https://www.instagram.com/telemundonm,https://www.youtube.com/@TelemundoNM,https://x.com/telemundonm?lang=en,https://www.tiktok.com/@telemundonm,,2.25,"ABQ-based Telemundo, Spanish-language TV station producing a daily NM newscast. Also programs KTEL-TV.",2024,2400 Monroe Street NE,Albuquerque,Bernalillo,NM,87110,Bernalillo,35.105686,-106.59073,35.105686,-106.59073,Success,"2400 Monroe Street NE, Albuquerque, NM, 87110"
KBAC-FM,http://www.santafe.com/kbac,Radio,Santa Fe,North Central NM,Daily,*,*,*,English,*,*,"Hutton Broadcasting Co, LLC",Private individual or family,https://www.facebook.com/SantaFeCom,https://www.instagram.com/santafedotcom/,https://www.youtube.com/channel/UCHyVLpNXCIcqXOZK6_McLPg,https://x.com/kbacradiofree,,,1,Hutton Broadcasting outlet with active events listings but limited news.,2024,"2502 Camino Entrada, Suite C",Santa Fe,Santa Fe,NM,87507,"Bernalillo, Santa Fe",35.6876096,-105.938456,35.6377902,-106.0203916,Success,"2502 Camino Entrada # C, Santa Fe, NM 87507, USA"
KCBD-TV,www.kcbd.com,Television,Lubbock,Out of State,More than once a day,*,*,*,English,*,1953,Gray Local Media,For profit organization,https://www.facebook.com/KCBDNewsChannel11/,https://www.instagram.com/kcbd11/,https://www.youtube.com/@kcbd-newschannel11,https://x.com/KCBD11,,,2,"Lubbock, Texas TV station that occasionally covers eastern New Mexico.",2025,9810 University Ave.,Lubbock,Lubbock,TX,79423,Curry,33.5041896,-101.8704262,33.5041896,-101.8704262,Success,"9810 University Ave., Lubbock, TX, 79423"
KCCC-AM,kccc930am.com,Radio,Carlsbad,Eastern NM,Semi-Daily (fewer than 7 days a week),20000,1,2.5,English,No,1966,Chandler Broadcasting LLC/Jonathan Chandler,Private individual or family,https://www.facebook.com/KCCC930AM/#,,,,,https://open.spotify.com/show/7cYk7U8gfcp4qM4OnJUNyN,1.5,Independent community station with some coverage created in partnership with Southeast New Mexico College Workforce and Community Education.,2025,1500 University,Carlsbad,Eddy,NM,88220,"Chaves, Eddy, Lea",32.4422697,-104.2652984,32.4422697,-104.2652984,Success,"1500 University, Carlsbad, NM, 88220"
KEJL-AM,hobbsamerica.com,Radio,Hobbs,Eastern NM,More than once a day,50000,3,2,English,No,1973,Noalmark Broadcasting,For profit organization,https://www.facebook.com/kix103hobbs/,https://www.instagram.com/z94kzor/,affiliate: https://www.youtube.com/@LovingtonSports,http://twitter.com/kix103,,,1.25,"NoalMark radio stations with some local news, sports, weather, and guest interviews. Other stations include KIXN-FM, KLEA-FM, KZOR-FM.",2025,619 N. Turner,Hobbs,Lea,NM,88240,"Chaves, Eddy, Lea",32.7063205,-103.1363067,32.7063205,-103.1363067,Success,"619 N. Turner, Hobbs, NM, 88240"
KEND-FM,http://www.kendfm.com,Radio,Artesia,Eastern NM,Daily,*,*,*,English,*,*,Pecos Valley Broadcasting,For profit organization,https://www.facebook.com/1065RoswellsTalkFM,,,,,,1.5,Roswell talk radio with nationally syndicated conservative programs plus local announcements and a morning show with local interviews.,2024,317 West Quay Ave.,Artesia,Eddy,NM,88210,Eddy,32.8410327,-104.4001659,32.8410327,-104.4001659,Success,"317 West Quay Ave., Artesia, NM, 88210"
KENN-AM,http://www.kennradio.com,Radio,Farmington,Northwest NM,More than once a day,160000,2,0,English,No,1953,"Hutton Broadcasting Co, LLC",Private individual or family,https://www.facebook.com/VisitFourCorners,https://www.instagram.com/visitfourcornerscom/,https://www.youtube.com/@VisitFourCornersTV,,,,1.5,"Farmington talk radio with announcements, nationally syndicated conservative shows and one show with a local newspaper reporter.",2025,200 East Broadway,Farmington,San Juan,NM,87401,San Juan,36.7264066,-108.1903248,36.7264066,-108.1903248,Success,"200 East Broadway, Farmington, NM, 87401"
KENW-FM/TV,https://www.kenw.org/,Multiplatform,Portales,Eastern NM,Daily,3930,2,2,English,*,*,ENMU,Nonprofit organization,https://www.facebook.com//kenw.enmu/,https://www.instagram.com/kenw.enmu/?hl=en%2F,https://www.youtube.com/@KENWPBS,https://x.com/KENWPublicMedia,,,2,"NPR and PBS stations licensed to ENMU with a student-produced newscast delivering local news, sports and weather. Also programs KMTH-FM, KNMJ-FM.",2023,1500 S Ave K,Portales,Roosevelt,NM,88130,Roosevelt,34.1781462,-103.3474817,34.1781462,-103.3474817,Success,"1500 S Ave K, Portales, NM, 88130"
KFDA-TV,https://www.newschannel10.com/,Television,Amarillo,Out of State,Daily,*,*,*,English,*,*,Gray Television,For profit organization,,,,,,,2,"Amarillo, Texas broadcaster that partly serves border communities in Eastern New Mexico.",2022,7900 Broadway Dr,Amarillo,Potter,TX,79105,"Union, Harding, Quay, Curry",35.2908072,-101.8488052,35.2908072,-101.8488052,Success,"7900 Broadway Dr, Amarillo, TX, 79105"
KFOX-TV,https://kfoxtv.com/,Television,El Paso,Out of State,Daily,*,*,*,English,*,*,Sinclair Broadcasting,For profit organization,https://www.facebook.com/KFOXTV/,,https://www.youtube.com/channel/UC73LU2udy27QFNIgurlBvXg,https://x.com/kfox14,,,2.25,El Paso TV station with sizeable newsroom that includes regular coverage of Doña Ana County and Southern New Mexico.,2022,200 S. Alto Mesa Dr,El Paso,El Paso,TX,79912,Doña Ana,31.833286,-106.5424895,31.833286,-106.5424895,Success,"200 S. Alto Mesa Dr, El Paso, TX, 79912"
KGAK-AM,https://lemon-ocean-08d7caf10.azurestaticapps.net/,Radio,Gallup,Northwest NM,Daily,*,*,*,Navajo,*,*,"KRJG, INC.",For profit organization,https://www.facebook.com/AllNavajoAllTheTime/,,,,,,1.25,"KNDN sister station covering local sports and a strong, regular menu of community announcements, all in Navajo.",2024,401 East Coal Ave.,Gallup,McKinley,NM,87301,McKinley,35.528774,-108.737727,35.528774,-108.737727,Success,"401 East Coal Ave., Gallup, NM, 87301"
KGLP-FM,https://kglp.org/,Radio,Gallup,Northwest NM,Weekly,*,*,*,English,*,1993,GALLUP PUBLIC RADIO,Nonprofit organization,https://www.facebook.com/KGLPfmGallup/,,,,,,1.5,NPR station with some local interviews and content; rebroadcasts some NM public affairs shows from other stations.,2022,705 Gurley Ave,Gallup,McKinley,NM,87301,McKinley,35.5021124,-108.7256924,35.5021124,-108.7256924,Success,"705 Gurley Ave, Gallup, NM, 87301"
KGRT-FM,http://kgrt.com/,Radio,Las Cruces,Southwest NM,Daily,*,*,*,English,*,*,Adams Radio Group,For profit organization,https://www.facebook.com/kgrt1039/,,,,,,1,"Adams Radio Group station providing music format to Southern NM, providing a modicum of local and regional news. Sister stations include KHQT-FM.",2024,1355 California Ave,Las Cruces,Doña Ana,NM,88001,Doña Ana,32.3007573,-106.7621264,32.3007573,-106.7621264,Success,"1355 California Ave, Las Cruces, NM, 88001"
KIVA-AM,http://abq.fm/,Radio,Albuquerque,Central NM,Daily,*,*,*,English,*,*,ROCK OF TALK LLC,Private individual or family,https://www.facebook.com/rockoftalkkiva/,,,,,,1,Talk radio station with nationally syndicated programs and live local program hosted by the owner.,2024,2309 Renard Place SE Suite 204,Albuquerque,Bernalillo,NM,87106,"Bernalillo, Santa Fe",35.0841034,-106.650985,35.0571448,-106.6246653,Success,"2309 Renard Pl SE UNIT 204, Albuquerque, NM 87106, USA"
KKOB-AM/FM,Www.newsradiokkob.com,Radio,Albuquerque,Central NM,More than once a day,38000,3.5,0,English,No,1922,Cumulus Media,For profit organization,https://www.facebook.com/KKOBradio,https://www.instagram.com/kkobradio/,,https://twitter.com/kkobradio,,,1.75,"Talk radio station with some local hosts, headlines and analysis.",2025,"500 4th Street NW, 5th Floor",Albuquerque,Bernalillo,NM,87102,"Bernalillo, Cibola, Los Alamos, Rio Arriba, Sandoval, Santa Fe, Socorro, Torrance, Valencia",35.0841034,-106.650985,35.090018,-106.6496657,Success,"500 4th St NW 5th floor, Albuquerque, NM 87102, USA"
KLBK-TV,https://www.everythinglubbock.com/,Television,"Lubbock, TX",Out of State,Daily,*,*,*,English,*,*,Nextstar Media Grp,For profit organization,https://www.facebook.com/KLBKNews/,https://www.instagram.com/klbknews/,https://www.youtube.com/channel/UCO8ww3uFGhQzgw9fSFi5bSQ,https://x.com/KLBKNews,,Pinterest: https://www.pinterest.com/everythinglubbock/,2,Texas TV station that occasionally covers Eastern NM (in its outer coverage area),2022,7403 South University,"Lubbock, TX",Lubbock,TX,79423,Curry,33.5855677,-101.8470215,33.5844949,-101.8751391,Success,"2500 Broadway W, Lubbock, TX 79409, USA"
KLMX-AM,Klmx.us,Radio,Clayton,Eastern NM,Semi-Daily (fewer than 7 days a week),*,1.5,0,English,No,1949,Melba McCollum,Private individual or family,https://www.facebook.com/sharer/sharer.php?u=https%3A%2F%2Fwww.klmx.us,,,http://twitter.com/intent/tweet?text=Welcome%20to%20KLMX%20Radio%20-%2097.5%20FM%20THE%20BEAR&url=https%3A%2F%2Fwww.klmx.us,,Reddit: http://reddit.com/submit?url=https%3A%2F%2Fwww.klmx.us&title=Welcome%20to%20KLMX%20Radio%20-%2097.5%20FM%20THE%20BEAR,1.5,"A community radio station with local DJs, coverage of high school sports, plus interviews and announcements.",2025,1 Fairground Rd,Clayton,Union,NM,88415,Union,36.4507836,-103.184797,36.443898,-103.1906096,Success,"1 Fair Ground St, Clayton, NM 88415, USA"
KLUZ-TV,https://noticiasnewmexico.com/,Television,Albuquerque,Central NM,Daily,7913,*,*,Spanish,*,1998,Brenda Reyes,Private individual or family,https://www.facebook.com/UnivisionNuevoMexico/?locale=es_LA,https://www.instagram.com/noticiasnuevomexico/?hl=en,http://www.youtube.com/noticiasya,https://x.com/univisionnm?lang=en,,,2.25,Entravision/ Univision Spanish-language television channel with local newscasts and digital presence.,2025,5411 Jefferon St NE,Albuquerque,Bernalillo,NM,87109,Bernalillo,35.0841034,-106.650985,35.1427766,-106.5982782,Success,"5411 Jefferson St NE, Albuquerque, NM 87109, USA"
KMVR-FM,http://www.101gold.com,Radio,Deming,Southwest NM,More than once a day,12000,2,0,Spanish,Yes - English,1985,Bravo Mic Communications LLC,Private individual or family,https://www.facebook.com/391473017387275?ref=embed_page,https://www.instagram.com/oteroentertainment/?hl=en,,,,,1,"Las Cruces Spanish music station that airs announcements and headlines, especially public safety.",2025,101 PERKINS DRIVE,LAS CRUCES,Doña Ana,NM,88005,"Grant, Hidalgo, Luna",32.297721,-106.777131,32.297721,-106.777131,Success,"101 PERKINS DRIVE, LAS CRUCES, NM, 88005"
KNDN-AM/FM,"https://icy-tree-02d4dfa10.azurestaticapps.net/, https://lemon-grass-094bc2f10.azurestaticapps.net/",Radio,Farmington,Northwest NM,Daily,*,*,*,Navajo,*,1957,"BASIN BROADCASTING COMPANY, INC.",For profit organization,https://www.facebook.com/kndnradiostation/,,https://www.youtube.com/watch?v=bph8Y0xJYEQ,,,,1.25,"""All Navajo all the time"" programming includes music, news and popular open mic shows allow community members to make announcements.",2023,1515 West Main,Farmington,San Juan,NM,87401,San Juan,36.729116,-108.205453,36.7316966,-108.2297375,Success,"1515 West Main, Farmington, NM, 87401"
KNFT-AM/FM,silvercityradio.com,Radio,Silver City,Southwest NM,More than once a day,52000,1,1,English,No,2005,"SkyWest Media, LLC (Ted Tucker)",Private individual or family,,,,,,,1,"SkyWest Media Group stations in Silver City and Bayard, air a daily 3-minute news roundup. Sister stations include KSCQ-FM.",2025,1560 North Corbin,Silver City,Grant,NM,88061,"Catron, Grant, Hidalgo, Luna",32.7820178,-108.2705892,32.7820178,-108.2705892,Success,"1560 North Corbin, Silver City, NM, 88061"
KOAT-TV,www.koat.com ,Television,Albuquerque,Central NM,Daily,1381011,31,*,English,*,*,Hearst Properties Inc.,For profit organization,https://www.facebook.com/koat7,,https://www.youtube.com/user/koattv,https://twitter.com/koat7news,,,2.75,"ABC affiliate produces strong ABQ-area news and some statewide coverage, plus app and alerts.",2022,3801 Carlise Blvd NE,Albuquerque,Bernalillo,NM,87107,All,35.0841034,-106.650985,35.1245093,-106.6053708,Success,"3801 Carlisle Blvd NE, Albuquerque, NM 87107, USA"
KOB-TV,kob.com,Multiplatform,Albuquerque,Central NM,More than once a day,1304288,*,*,English,*,1948,Hubbard Broadcasting Inc.,Private individual or family,https://www.facebook.com/KOBTV,https://www.instagram.com/kobtv4/,https://www.youtube.com/user/kobtv4,https://twitter.com/KOB4,,,2.75,"NBC affiliate produces strong ABQ-area news and some statewide coverage, plus app and alerts. Also airs on KOBF-TV.",2025,4 Broadcast Plz SW,Albuquerque,Bernalillo,NM,87104,All,35.0814625,-106.6656734,35.0814625,-106.6656734,Success,"4 Broadcast Plz SW, Albuquerque, NM, 87104"
KOTS-AM,www.kotsam.com,Radio,Deming,Southwest NM,More than once a day,12000,2,0,English,No,1985,Bravo Mic Communications LLC,Private individual or family,https://www.facebook.com/391473017387275?ref=embed_page,https://www.instagram.com/oteroentertainment/?hl=en,,,,,1.25,"Radio group offers local announcements, government and civic notices, and human interest stories important to Luna County and regional residents.",2025,1701 S. Gold Ave.,Deming,Luna,NM,88030,"Grant, Hidalgo, Luna",32.251907,-107.757392,32.251907,-107.757392,Success,"1701 S. Gold Ave., Deming, NM, 88030"
KPSA-FM,silvercityradio.com,Radio,Silver City,Southwest NM,More than once a day,52000,1,1,English,No,2005,"SkyWest Media, LLC (Ted Tucker)",Private individual or family,,,,,,,1,Lordsburg classic rock station airs a daily 3-minute news roundup from Sky West Media Group.,2025,1561 North Corbin,Silver City,Grant,NM,88061,"Catron, Grant, Hidalgo, Luna",32.7815841,-108.2709637,32.7815841,-108.2709637,Success,"1561 North Corbin, Silver City, NM, 88061"
KRQE-TV,https://www.krqe.com/,Television,Albuquerque,Central NM,Daily,1937366,40,*,English,*,*,Nextstar Media Grp,For profit organization,https://www.facebook.com/krqenews,https://www.instagram.com/krqe/,https://www.youtube.com/user/KRQE,https://twitter.com/krqe,,,2.75,"CBS affiliate's large newsroom produces strong ABQ-area news and some statewide coverage, plus app and alerts. Newscasts also air on KASY-TV, KREZ-TV, KBIM-TV and KWBQ-TV.",2022,13 Broadcast Pl SW,Albuquerque,Bernalillo,NM,87104,All,35.0820751,-106.6653673,35.0820751,-106.6653673,Success,"13 Broadcast Pl SW, Albuquerque, NM, 87104"
KRSY-AM,https://www.alamosportsandtalk.com/,Radio,Alamogordo,Eastern NM,Daily,*,*,*,English,*,*,Exciter Media LLC,Private individual or family,https://www.facebook.com/AlamoSportsKRSY/,http://instagram.com/alamo_sports,,https://twitter.com/AlamoSportsTalk,,,1.25,Local sports and conservative talk station with some local guest interviews.,2024,119 North Canyon Rd,Alamogordo,Otero,NM,88310,Otero,32.892674,-105.945449,32.892674,-105.945449,Success,"119 North Canyon Rd, Alamogordo, NM, 88310"
KRTN-AM/FM,http://krtnradio.com/,Radio,Raton,North Central NM,Daily,*,*,*,English,*,*,Enchanted Air,For profit organization,https://www.facebook.com/KRTNEnchantedAirRadio?ref=hl,,https://www.youtube.com/channel/UCO3Nms0GxXwE_ko5ykbWyKg?view_as=subscriber,,,,2.25,Small Raton radio station with a wide variety of original reporting on community issues.,2023,1128 State St,Raton,Colfax,NM,87740,Colfax,36.8859991,-104.4426486,36.8859991,-104.4426486,Success,"1128 State St, Raton, NM, 87740"
KRUI-AM,https://www.1490krui.com,Radio,Ruidoso,Eastern NM,Weekly,*,*,*,English,*,*,Village of Ruidoso,Nonprofit organization,,,,,,,1.75,"Village-owned station with local chat shows, PSAs and guests.",2024,313 Cree Meadows Dr,Ruidoso,Lincoln,NM,88345,Lincoln,33.3494954,-105.6618473,33.3494954,-105.6618473,Success,"313 Cree Meadows Dr, Ruidoso, NM, 88345"
KRWG-FM/TV,www.krwg.org,Multiplatform,Las Cruces,Southwest NM,Semi-Daily (fewer than 7 days a week),44193,4,1,English,No,1964,KRWG Public Media is licensed to the Board of Regents of New Mexico State University.,Nonprofit organization,https://www.facebook.com/krwg.publicmedia,https://www.instagram.com/krwg.publicmedia/,https://www.youtube.com/@krwg.publicmedia,http://twitter.com/krwg,,,2.25,NPR and PBS public radio and television covering airs student-produced content and news from a small team.,2025,2915 McFie Circle,Las Cruces,Doña Ana,NM,88003,"Doña Ana, Grant, Hidalgo, Luna, Otero, Sierra",32.3140354,-106.779807,32.2825764,-106.7496664,Success,"2915 McFie Cir, Las Cruces, NM 88003, USA"
KSFR-FM,www.ksfr.org,Radio,Santa Fe,North Central NM,More than once a day,*,1,1,English,No,1984,Santa Fe Community College,Nonprofit organization,https://www.facebook.com/KSFRFM/,https://www.instagram.com/ksfrfm/,https://www.youtube.com/channel/UCobGUDnx-2S0DTzwz0EXDZA,https://twitter.com/ksfrnews,,,2,Public radio station at Santa Fe Community College with local news coverage and talk shows.,2025,6401 S. Richards Ave.,Santa Fe,Santa Fe,NM,87120,"Bernalillo,Los Alamos,Rio Arriba,San Miguel,Sandoval,Santa Fe,Taos,Torrance",35.4859674,-106.01355,35.6019112,-105.9999178,Success,"6401 Richards Ave, Santa Fe, NM 87508, USA"
KSJE-FM,www.KSJE.com,Multiplatform,Farmington,Northwest NM,Daily,4000,0.5,0,English,No,1990,San Juan College,Nonprofit organization,https://www.facebook.com/ksje90.9/?ref=embed_page,https://www.instagram.com/ksje90.9fm/?locale=zh-hans,https://www.youtube.com/c/KSJEFM,http://twitter.com/ksje,,,1.25,Public radio in Farmington with a morning show including announcments and interviews with newsmakers.,2025,4601 College Blvd.,Farmington,San Juan,NM,87402,San Juan,36.7704193,-108.1716495,36.7704193,-108.1716495,Success,"4601 College Blvd., Farmington, NM, 87402"
KSVP-AM,http://ksvpradio.com,Radio,Artesia,Eastern NM,Daily,*,1,0,English,*,*,Pecos Valley Broadcasting,For profit organization,https://www.facebook.com/ksvpradio,https://www.instagram.com/KSVP_Pics?fbclid=IwY2xjawITDe9leHRuA2FlbQIxMAABHdg7CDNiNjGfcE0G98Naznsnn7SN9eMD5eSESMf-WIHCg2ipgBB54-FlcQ_aem_0ns-MS60NSSDO3eEKVIpBQ,https://www.youtube.com/channel/UCacO_Bdaabw9hepALd1FNQA,https://x.com/990_radio,,KSVP has a mobile app on ios and android,1.25,"A conservative talk radio in Artesia with religious chat, announcements and interviews; companion website includes prep sports and church sermons.",2023,317 W. Quay Ave,Artesia,Eddy,NM,88210,Eddy,32.8410327,-104.4001659,32.8410327,-104.4001659,Success,"317 W. Quay Ave, Artesia, NM, 88210"
KTAL-LPFM,www.lccommunityradio.org,Radio,Las Cruces,Southwest NM,Weekly,6000,0,5,English,Yes - Spanish,2015,Las Cruces Community Radio- this is a 501-c3 corporation.,Nonprofit organization,https://www.facebook.com/ktallp,https://www.instagram.com/ktallp/,,,,https://spinitron.com/KTAL/,1.75,Low-power FM community station serving Las Cruces with original content including local news and public affairs.,2025,121 Wyatt Drive #9,Las Cruces,Doña Ana,NM,88005,Doña Ana,32.3140354,-106.779807,32.299751,-106.7777886,Success,"121 Wyatt Dr #9, Las Cruces, NM 88005, USA"
KTAO-FM,http://www.ktao.com,Radio,Taos,North Central NM,Weekly,*,2,0,English,*,*,Taos Communications Corp.,For profit organization,https://www.facebook.com/KTAOS101.9FM,https://www.instagram.com/ktaossolarradio/,,http://twitter.com/ktaos,,,1.25,"Home-grown solar-powered local station with local programming, including announcements and interviews.",2023,9 State Road 150,Taos,Taos,NM,87529,Taos,36.4072377,-105.573284,36.458458,-105.5940857,Success,"9 NM-150, Taos, NM 87571, USA"
KTDB-FM,https://www.rnsb.k12.nm.us/ktdb,Radio,Pine Hill,Northwest NM,Daily,*,0,0,Navajo,Yes - Navajo,1972,"Ramah Navajo School Board, Inc.",Nonprofit organization,,,,,,,1.25,"Public radio station licensed to the Ramah School Board, serving the Ramah Navajo Nation (pop. 458).",2025,125 Campus Dr.,Pine Hill,Cibola,NM,87357,Cibola,34.9421937,-108.4313555,34.8906616,-108.4140058,Success,"125 Campus Dr, Pinehill, NM 87357, USA"
KTNN-AM/FM,ktnnonline.com,Radio,Window Rock,Northwest NM,Weekly,*,*,*,English,*,*,Navajo Nation,For profit organization,https://www.facebook.com/AM660KTNN,,,,,,1.25,"Licensed to Navajo Nation based in Window Rock, station airs announcements about Navajo Nation events, ceremonies, funerals, rodeos and other regional news.",2025,178 West Highway 264,St. Michaels,Apache,AZ,86515,"San Juan, Mckinley, Cibola",35.6512365,-109.0937302,35.6563415,-109.0941941,Success,"AZ-264, St Michaels, AZ, USA"
KTRC-AM,https://santafe.com/ktrc,Radio,Santa Fe,North Central NM,Daily,*,*,*,English,*,*,"Hutton Broadcasting Co, LLC",Private individual or family,https://www.facebook.com/Talk1260KTRC/?ref=embed_page,https://www.instagram.com/santafedotcom/,https://www.youtube.com/channel/UCHyVLpNXCIcqXOZK6_McLPg,,,,1.5,"Commercial talk radio station based in Santa Fe, syndicated hosts plus local, with a news emphasis.",2022,2505 Camino Entrada Suite C,Santa Fe,Santa Fe,NM,87507,Santa Fe,35.6876096,-105.938456,35.6383754,-106.0191736,Success,"2505 Camino Entrada c, Santa Fe, NM 87507, USA"
Kukadze’eta Towncrier,https://www.bizapedia.com/nm/kukadzeeta-towncrier-community-newspaper.html,Print,Laguna,Northwest NM,Monthly,2500,1,3,English,No,1990,Ramona and Antonette,Nonprofit organization,,,,,,,1,"The official newspaper of Laguna Pueblo government, with no online access.",2025,6 Rio San Jose Rd,Laguna,Cibola,NM,87026,Cibola,35.03769,-107.382062,35.03769,-107.382062,Success,"6 Rio San Jose Rd, Laguna, NM, 87026"
KUNM-FM,www.kunm.org,Radio,Albuquerque,Central NM,More than once a day,150000,8,0,English,No,1966,The University of New Mexico holds our broadcast license,Nonprofit organization,https://www.facebook.com/KUNMRadio/,https://www.instagram.com/KUNMradio/,https://www.youtube.com/@KUNMradio/videos,https://x.com/kunmnews,https://www.tiktok.com/@kunmnews,,2.25,"The state's largest NPR affiliate, based at UNM, airs original news reporting and produces a call-in show.",2025,303 Girard Blvd. NE,Albuquerque,Bernalillo,NM,87106,"Bernalillo, Cibola, Colfax, Guadalupe, Harding, Los Alamos, McKinley, Mora, Rio Arriba, San Juan, San Miguel, Sandoval, Santa Fe, Sierra, Socorro, Taos, Torrance, Valencia",35.0844715,-106.6136884,35.0844715,-106.6136884,Success,"303 Girard Blvd. NE, Albuquerque, NM, 87106"
KUPR-FM,www.kupr.org,Radio,Placitas,Central NM,Weekly,*,*,12,English,*,2015,LAS PLACITAS ASSOCIATION,Nonprofit organization,https://www.facebook.com/KUPRplacitas,,,,,,1,Low-power FM community station serving Placitas with original content including some public affairs.,2022,652 State Highway 165,Placitas,Sandoval,NM,87043,Sandoval,35.319854,-106.4686299,35.3088535,-106.426697,Success,"652 NM-165, Placitas, NM 87043, USA"
KURU-FM,http://gmcr.org,Radio,Silver City,Southwest NM,Weekly,*,*,*,English,*,*,Gila Mimbres Community Radio,Nonprofit organization,https://www.facebook.com/GilaMimbresCommunityRadio,https://www.instagram.com/kuru89.1/,,,,,1,"Volunteer-driven community FM station serving Silver City with music and talk, some original content related to public affairs and community matters.",2023,519 B North Bullard St,Silver City,Grant,NM,88061,Grant,32.7721298,-108.2761663,32.7721298,-108.2761663,Success,"519 B North Bullard St, Silver City, NM, 88061"
KVIA-TV,kvia.com,Television,El Paso,Out of State,More than once a day,*,50.5,1,English,No,1956,News-Press & Gazette,Private individual or family,,,,,,,2.25,"ABC affliliate in El Paso, Texas provides some daily coverage of events in Southern New Mexico.",2025,4140 Rio Bravo,El Paso,El Paso,TX,79902,"Doña Ana, Lincoln, Luna, Otero",31.7939545,-106.5139026,31.7939545,-106.5139026,Success,"4140 Rio Bravo, El Paso, TX, 79902"
KVII-TV,https://abc7amarillo.com/,Television,Amarillo,Out of State,Daily,*,*,*,English,*,*,Sinclair Broadcasting,For profit organization,https://www.facebook.com/ABC7Amarillo/,,https://www.youtube.com/pronews7,https://x.com/abc7amarillo,,,1.5,Amarillo TX broadcaster that partly serves border communities in Eastern New Mexico.,2022,1 Broadcast Center,Amarillo,Potter,TX,79101,"Union, Harding, Quay, Curry",35.20729,-101.8371192,35.2014166,-101.8338476,Success,"1 Broadcast Center, Amarillo, TX 79101, USA"
Las Cruces Bulletin,www.lascrucesbulletin.com,Print,Las Cruces,Southwest NM,Weekly,*,4,3,English,No,1969,Osteen Media Group,Private individual or family,https://www.facebook.com/lcbulletin?fref=nf&ref=embed_page,https://www.instagram.com/lascrucesbulletin/,,https://x.com/LCBulletin/?mx=2,,https://linktr.ee/lascrucesbulletin?fbclid=PAZXh0bgNhZW0CMTEAAaY9k-duOhsCdqJc-kiNoBAPRBoLXSPObeoN8JaQ7krFfGNPgJmTzN5i4iI_aem_PFbQjOR2guiNJ54JkLB6DA (linktree that updates),2.5,Weekly newspaper and site serving Las Cruces with local coverage of issues and events.,2025,506 S. Main Street,Las Cruces,Doña Ana,NM,88001,Doña Ana,32.3052744,-106.7786166,32.3052744,-106.7786166,Success,"506 S. Main Street, Las Cruces, NM, 88001"
Las Cruces Sun-News,lcsun-news.com,Digital,Las Cruces,Southwest NM,Daily,10000,6,3,English,No,1881,Gannet; USA TODAY NETWORK,For profit organization,https://www.facebook.com/LCSUNNEWS,https://www.instagram.com/crucessunnews/?hl=en,https://www.youtube.com/user/CrucesSunNews,https://x.com/CrucesSunNews,,,2,"Last remaining Gannett paper in the state, serving Las Cruces with crime, sports and government coverage.",2025,256 W. Las Cruces Ave.,Las Cruces,Doña Ana,NM,88001,Doña Ana,32.3109838,-106.7814627,32.3109838,-106.7814627,Success,"256 W. Las Cruces Ave., Las Cruces, NM, 88001"
Las Vegas Optic,http://lasvegasoptic.com,Print,Las Vegas,North Central NM,Weekly,6049,2,*,English,*,*,O'Rourke Media Group,Private individual or family,https://www.facebook.com/LasVegasOptic/,https://www.instagram.com/lasvegasoptic/?hl=en,,https://twitter.com/lasvegasoptic?lang=en,,,2,"Small newspaper serving Las Vegas NM area with local news, obituaries, weather, and community events.",2023,106 Bridge St,Las Vegas,San Miguel,NM,87701,San Miguel,35.5937792,-105.2242939,35.5937792,-105.2242939,Success,"106 Bridge St, Las Vegas, NM, 87701"
Los Alamos Daily Post,www.ladailypost.com,Digital,Los Alamos,North Central NM,More than once a day,90000,7,0,English,*,2012,Carol A. Clark,Private individual or family,https://www.facebook.com/LADailyPost,https://www.instagram.com/losalamosdailypost/,https://www.youtube.com/ladailypost,https://x.com/ladailypost?lang=en,,,2,"Newspaper of record for Los Alamos, with some original reporting supplemented by announcements and press releases.",2025,1247 Central Avenue,Los Alamos,Los Alamos,NM,87544,Los Alamos,35.8810022,-106.2972738,35.8810022,-106.2972738,Success,"1247 Central Avenue, Los Alamos, NM, 87544"
Los Alamos Reporter,https://losalamosreporter.com/,Digital,Los Alamos,North Central NM,More than once a day,*,1,0,English,*,2018,Maire O'Neill,Private individual or family,https://www.facebook.com/LosAlamosReporter/?ref=embed_page,,,,,,2.25,A digital community news site with original reporting by an experienced journalist.,2025,199 Central Park Square,Los Alamos,Los Alamos,NM,87544,Los Alamos,35.8816827,-106.3010265,35.8816827,-106.3010265,Success,"199 Central Park Square, Los Alamos, NM, 87544"
Lovington Leader,lovingtonleaderonline.com,Print,Lovington,Eastern NM,Weekly,15500,1,2,English,No,1984,John and Jeanine Graham,Private individual or family,https://www.facebook.com/lovingtonleader/,,,,,,2,Weekly newspaper with no online access.,2025,14 W. Avenue B,Lovington,Lea,NM,88260,Lea,32.9461927,-103.3493809,32.9461927,-103.3493809,Success,"14 W. Avenue B, Lovington, NM, 88260"
Mountainair Dispatch,www.mountainairdispatch.com,Digital,Mountainair,Central NM,Semi-Daily (fewer than 7 days a week),15000,1,0,English,No,2022,Todd Brogowski,Private individual or family,https://www.facebook.com/profile.php/?id=100087660970272 ,https://www.instagram.com/mountainairdispatch/ ,https://www.youtube.com/channel/UCWxertr8vRGLS8RWTseb5Hw ,https://x.com/mtnairdispatch,,,2,"Community news site by a former reporter with weather, events and some coverage of local government.",2025,221 W Broadway,Mountainair,Torrance,NM,87036,Torrance,34.5214768,-106.2355428,34.5214768,-106.2355428,Success,"221 W Broadway, Mountainair, NM, 87036"
Native America Calling / National Native News,nativeamericacalling.com,Radio,Albuquerque,Central NM,Occasionally or Sporadically,490000,*,*,English,No,1995,Koahnic Broadcast Corporation,Nonprofit organization,https://www.facebook.com/nativeamericacalling,https://www.instagram.com/nativeamericacalling/,https://www.youtube.com/@nativevoiceone,https://x.com/180099native,,,2.25,"Two national radio programs produced in ABQ, with some significant coverage of New Mexico issues.",2025,4401 Lomas Blvd NE,Albuquerque,Bernalillo,NM,87110,All,35.0875084,-106.5955072,35.0875084,-106.5955072,Success,"4401 Lomas Blvd NE, Albuquerque, NM, 87110"
Navajo Times,www.navajotimes.com,Print,Window Rock,Out of State,Daily,*,*,*,English,*,1960,Navajo Times Publishing Co. Inc.,For profit organization,https://facebook.com/navajotimes,https://instagram.com/navajotimes,https://www.youtube.com/c/NavajotimesAZ,https://twitter.com/navajotimes,,,2.5,Newspaper serving Navajo Nation with original reporting independent of tribal government.,2025,"NE Corner of State route 264 and Navajo, Route 12 Suite 13-A",Window Rock,Apache,AZ,86515,McKinley,35.6763274,-109.058149,35.6573091,-109.0892007,Success,"AZ-264 & Indian Rt 12, St Michaels, AZ 86511, USA"
New Mexico In Depth,nmindepth.com,Digital,Albuquerque,Central NM,Weekly,10000,3.5,2,English,No,2012,New Mexico InDepth,Nonprofit organization,https://www.facebook.com/NMInDepth,https://www.instagram.com/nmindepth/,https://www.youtube.com/user/NMInDepth,https://x.com/NMInDepth,,,2.25,"Online outfit providing explanatory and accountability reporting around indigenous affairs, state government and politics, healthcare etc.",2025,1 Civic Plaza,Albuquerque,Bernalillo,NM,87102,"Bernalillo, Cibola, Doña Ana, McKinley, San Juan, Santa Fe",35.0877578,-106.6513592,35.0877578,-106.6513592,Success,"1 Civic Plaza, Albuquerque, NM, 87102"
New Mexico Jewish Journal,https://www.nmjewishjournal.com,Digital,Corrales,Central NM,Monthly,2500,1,2,English,No,2024,Diane Joy Schmidt,For profit organization,,,,,,,2,"An online startup covering the Jewish community with history, events, interviews, analysis, commentary and reviews.",2025,4101 Corrales Rd.,Corrales,Sandoval,NM,87048,All,35.2211811,-106.619106,35.2211811,-106.619106,Success,"4101 Corrales Rd., Corrales, NM, 87048"
New Mexico Kids! Magazine,http://www.newmexico-kids.com/ ,Print,Albuquerque,Central NM,Irregular/Other,30000,*,*,English,*,*,Prime Time Publishing,For profit Organization,https://www.facebook.com/NewMexicoKidsMagazine/,https://www.instagram.com/newmexicokids/,,,,,1,Valuable listings of kids' activities and events in ABQ and Santa Fe with book reviews by kids and some reader-submitted content.,2022,111 Iron Ave. SW,Albuquerque,Bernalillo,NM,87102,Bernalillo,35.0793089,-106.6492187,35.0793089,-106.6492187,Success,"111 Iron Ave. SW, Albuquerque, NM, 87102"
New Mexico Magazine,https://www.newmexicomagazine.org/,Digital,Santa Fe,North Central NM,Monthly,525000,5,5,English,No,1923,New Mexico Tourism Department,Nonprofit organization,https://www.facebook.com/NewMexicoMagazine,https://www.instagram.com/newmexicomag/,,https://x.com/NMMagazine,,,2,"Monthly state tourism magazine with strong coverage of events, outdoor recreation, history, arts and culture.",2025,491 Old Santa Fe Trail,Santa Fe,Santa Fe,NM,87501,All,35.6831158,-105.937858,35.6831158,-105.937858,Success,"491 Old Santa Fe Trail, Santa Fe, NM, 87501"
New Mexico News Port,https://newmexiconewsport.com,Digital,Albuquerque,Central NM,Weekly,1000,0.5,10,English,No,2014,UNM C&J Dept,Nonprofit organization,,,,@nmnewsport,,,2,"Student-powered digital multimedia coverage of state and local issues and events, publishing during the school year.",2025,"2101 Central Ave, 1 Univ of New Mexico",Albuquerque,Bernalillo,NM,87131,All,35.0841034,-106.650985,35.0803689,-106.6072615,Success,"2101 Central Ave SE, Albuquerque, NM 87106, USA"
New Mexico Political Report,https://nmpoliticalreport.com,Digital,Albuquerque,Central NM,Semi-Daily (fewer than 7 days a week),16500,4,1,English,No,2014,Citizen Media Group,Nonprofit organization,https://www.facebook.com/NMpoliticalReport/?ref=embed_page#,,,,,,2,Statewide political news site and newsletter; a nonprofit member of the extended nm.news family.,2025,317 Commercial St NE Box 2,Albuquerque,Bernalillo,NM,87102,All,35.0841034,-106.650985,35.0862678,-106.6461621,Success,"317 Commercial St NE, Albuquerque, NM 87102, USA"
New Mexico Sun,https://newmexicosun.com/,Digital,Albuquerque,Central NM,Daily,*,*,*,English,No,2021,New Mexico Business Coalition,Nonprofit organization,,,,,,,1,"A website published by the NM Business Coalition, publishing press releases and opinion pieces by public officials.",2025,145 Calle Del Presidente,Albuquerque,Bernalillo,NM,87199,All,35.0841034,-106.650985,35.304935,-106.5469136,Success,"145 Calle Del Presidente, Bernalillo, NM 87004, USA"
NMPBS/KNME-TV,www.nmpbs.org,Television,Albuquerque,Central NM,Weekly,29654,10,2,English,Yes - Spanish,1958,Board of Regents for the University of New Mexico and the Board of Education for Albuquerque Public Schools,Nonprofit organization,https://business.facebook.com/latest/home?nav_ref=bm_home_redirect&business_id=689677762979794&asset_id=219316958264806,https://www.instagram.com/nmpbs/,https://www.youtube.com/user/newmexicopbs,https://x.com/NMPBS,,,2.5,"PBS station with a weekly local public affairs show and other local programming on arts and culture, including indigenous issues.",2025,1130 University Blvd. NE,Albuquerque,Bernalillo,NM,87102,"Bernalillo, Catron, Chaves, Cibola, Colfax, De Baca, Grant, Guadalupe, Harding, Hidalgo, Lincoln, Los Alamos, Luna, McKinley, Mora, Otero, Rio Arriba, San Juan, San Miguel, Sandoval, Santa Fe, Sierra, Socorro, Taos, Torrance, Union, Valencia",35.0943167,-106.6245359,35.0943167,-106.6245359,Success,"1130 University Blvd. NE, Albuquerque, NM, 87102"
Nob Hill News,www.abqnobhillnews.com,Digital,Albuquerque,Central NM,Semi-Daily (fewer than 7 days a week),100,0,0.5,English,No,2025,Lindsay Wood,Private individual or family,,,,,,,2,"Hyperlocal startup covering neighborhood news, city council, development, business, etc. in an Albuquerque neighborhood.",2025,200 Mulberry Street Northeast,Albuquerque,Bernalillo,NM,87106,Bernalillo,35.0836752,-106.6344161,35.0836752,-106.6344161,Success,"200 Mulberry Street Northeast, Albuquerque, NM, 87106"
Organ Mountain News,https://www.organmountainnews.com,Digital,Las Cruces,Southwest NM,More than once a day,*,1,1,English,No,2024,"Damien Willis / Organ Mountain News, LLC",Private individual or family,https://www.facebook.com/OrganMountainNews,https://www.instagram.com/organmountainnews/?ref=organmountainnews.com,,https://x.com/OrganMtnNews?ref=organmountainnews.com,,,2,"Digital news startup led by a former Las Cruces Sun-News reporter, covering Doña Ana County and southern NM.",2025,"444 East Griggs Avenue, Unit 1",Las Cruces,Doña Ana,NM,88001,Doña Ana,32.3140354,-106.779807,32.3103101,-106.7745243,Success,"444 E Griggs Ave APT 1, Las Cruces, NM 88001, USA"
Questa del Rio News,https://questanews.com/,Print,Questa,North Central NM,Monthly,*,1.5,1,English,No,*,Questa Economic Development Fund,Nonprofit organization,https://www.facebook.com/QuestaNews,https://www.instagram.com/questadelrionews/,https://www.youtube.com/@Qnews2015,,,,2,Monthly print newspaper and website with community columnists and some coverage of local news.,2025,1 Highway 38,Questa,Taos,NM,87556,Taos,36.7042198,-105.5949,36.7042857,-105.595207,Success,"1 NM-38, Questa, NM 87556, USA"
Rio Chama Reporter,https://www.riochamareporter.com/,Print,Los Ojos,North Central NM,Monthly,*,*,*,English,No,2023,Rio Chama Reporter LLC,For profit organization,https://www.facebook.com/Riochamareporter,,,,,,1.75,"Community news including notes from government meetings, articles about food, events and local culture.",,Village Hall 1512B State Hwy 17,Chama,Arriba,NM,87520,Rio Arriba,36.9036557,-106.579887,36.8916851,-106.5822718,Success,"1512 B NM-17, Chama, NM 87520, USA"
Rio Grande Sun,Riograndesun.com,Print,Espanola,North Central NM,Semi-Daily (fewer than 7 days a week),11500,5,0,English,*,1950,El Rito Media,Private individual or family,http://www.facebook.com/Rio-Grande-Sun-116326938388116/,https://www.instagram.com/riograndesun/,,https://twitter.com/rgsun,,,2.25,"Small weekly paper with coverage of Española Valley crime, politics, schools and sports, with some content from other El Rito Media papers.",2025,530 Paseo De Onate,Espanola,Rio Arriba,NM,87532,Rio Arriba,35.9907734,-106.0798676,35.9907734,-106.0798676,Success,"530 Paseo De Onate, Espanola, NM, 87532"
Rio Rancho Observer,rrobserver.com,Print,Rio Rancho,Central NM,Weekly,110000,3.25,0,English,No,1926,Albuquerque Publishing Company,Private individual or family,https://www.facebook.com/RioRanchoObserver/,https://www.instagram.com/rrobserver/,https://www.youtube.com/channel/UCzWHAWlju33r4fGN0tXvxNw,https://twitter.com/rrobserver,,,2.5,"Suburban ABQ weekly paper covering crime, government, sports and lifestyle; same ownership as ABQ Journal.",2025,"2316 Southern Blvd., Suite B",Rio Rancho,Sandoval,NM,87124,Sandoval,35.2702448,-106.6329806,35.2410881,-106.6893077,Success,"2316 Southern Blvd SE # B, Rio Rancho, NM 87124, USA"
Roosevelt Review,https://www.therooseveltreview.com/,Digital,Portales,Eastern NM,Semi-Daily (fewer than 7 days a week),4000,1,0.5,English,No,2018,Quaylene Parkey,Private individual or family,https://www.facebook.com/The-Roosevelt-Review-1549904531971039/?fref=ts,https://www.instagram.com/rooseveltreview/,,,,,1,"A Portales-area website posting community announcements, recipes, obituaries and recorded church sermons.",2025,1675 S Roosevelt Road 6,Portales,Roosevelt,NM,88130,Roosevelt,34.1706532,-103.3963622,34.1706532,-103.3963622,Success,"1675 S Roosevelt Road 6, Portales, NM, 88130"
Roswell Daily Record,rdrnews.com,Print,Roswell,Eastern NM,Daily,82622,5,0.8,English,Yes - Spanish,1897,"Roswell Daily Record, Inc",For profit organization,https://www.facebook.com/RoswellDailyRecord/,https://www.instagram.com/rdrnews/,https://www.youtube.com/c/roswelldailyrecord/featured,https://www.twitter.com/RDRNews,,,2.25,Small paper providing primary coverage for Roswell and Chaves County.,2025,2301 N Main Street,Roswell,Chaves,NM,88201,Chaves,33.4197212,-104.5232397,33.4197212,-104.5232397,Success,"2301 N Main Street, Roswell, NM, 88201"
Round The Roundhouse,roundtheroundhouse.com,Digital,Santa Fe,North Central NM,Monthly,35000,1,0,English,No,1989,Carol Hetzler,Private individual or family,https://www.facebook.com/Roundtheroundhouse/,,,,,,1,"Free monthly paper delivered desk-to-desk in government offices in Santa Fe, with announcements, press releases and some short features.",2025,320 Paseo de Peralta Suite B,Santa Fe,Santa Fe,NM,87507,All,35.6876096,-105.938456,35.6923023,-105.940891,Success,"320 Paseo De Peralta suite b, Santa Fe, NM 87501, USA"
Ruidoso News,http://ruidosonews.com,Print,Ruidoso,Eastern NM,Weekly,18000,2,4,English,No,2024,El Rito Media,For profit organization,,,,,,,2,Former Gannett paper covering Ruidoso with El Rito Media team resources.,2025,720 Sudderth Drive,Ruidoso,Lincoln,NM,88345,Lincoln,33.3240737,-105.6541222,33.3240737,-105.6541222,Success,"720 Sudderth Drive, Ruidoso, NM, 88345"
Sandoval Signpost,https://sandovalsignpost.com,Digital,Albuquerque,Central NM,Semi-Daily (fewer than 7 days a week),10000,1.5,1,English,No,1988,Ctrl+P Publishing,For profit organization,,,,,,,2,"Monthly free paper mailed to every house in Bernalillo and Placitas, updated more frequently online, plus newsletter; news by the shared nm.news team.",2025,317 Commercial St NE #2,Albuquerque,Bernalillo,NM,87102,Sandoval,35.0841034,-106.650985,35.0862751,-106.646143,Success,"317 Commercial St NE #2, Albuquerque, NM 87102, USA"
Santa Fe New Mexican,www.santafenewmexican.com,Print,Santa Fe,North Central NM,Daily,140000,37,3,English,No,1849,Robin Martin,Private individual or family,https://www.facebook.com/santafenewmexican/,https://www.instagram.com/sfnewmexican/?hl=en,http://www.youtube.com/user/sfnmwebed/videos,https://twitter.com/thenewmexican/,,,3,The capital city's daily newspaper with comprehensive state and local coverage.,2025,150 Washington Ave,Santa Fe,Santa Fe,NM,87501,"Los Alamos, Rio Arriba, San Miguel, Sandoval, Santa Fe",35.6887721,-105.9375625,35.6887721,-105.9375625,Success,"150 Washington Ave, Santa Fe, NM, 87501"
Santa Fe Reporter,https://sfreporter.com,Digital,Santa Fe,North Central NM,Semi-Daily (fewer than 7 days a week),20000,4,4,English,No,1974,Ctrl+P Publishing,For profit organization,https://www.facebook.com/SFReporter/,https://www.instagram.com/sfreporter/,https://www.youtube.com/channel/UCe8tis_ntIEdDbdwT_3A0GQ,https://twitter.com/SantaFeReporter/,,,2,"Free alt weekly, website and newseltter covering the Santa Fe area with news by the shared nm.news team.",2025,63 Lincoln Ave.,Santa Fe,Santa Fe,NM,87502,Santa Fe,35.6877047,-105.9387678,35.6877047,-105.9387678,Success,"63 Lincoln Ave., Santa Fe, NM, 87502"
Searchlight New Mexico,https://searchlightnm.org/,Digital,Santa Fe,North Central NM,Weekly,17000,5,3,English,"Yes - Spanish, Yes - Navajo",2018,Searchlight NM News 501c3,Nonprofit organization,https://www.facebook.com/SearchlightNewMexico/,https://www.instagram.com/searchlightnm/,,https://twitter.com/SearchlightNM,,,3,Nonprofit investigative digital news service offering richly reported stories republished by partners.,2025,"441 Greg Ave, Ste. 100",Santa Fe,Santa Fe,NM,87501,All,35.6876096,-105.938456,35.6978202,-105.9547605,Success,"441 Greg Ave #100, Santa Fe, NM 87501, USA"
Sierra County Citizen,sierracountycitizen.org,Digital,Williamsburg,Southwest NM,Semi-Daily (fewer than 7 days a week),150,0.5,1,English,No,2019,Sierra County Public-Interest Journalism Project,Nonprofit organization,,,,,,,2,"A community news site with a select group of contibutors, including some newspaper veterans.",2025,105 S. Central St.,Williamsburg,Sierra,NM,87942,Sierra,33.1162568,-107.29336,33.1152414,-107.2934389,Success,"105 S Central St, Williamsburg, NM 87942, USA"
Sierra County Sentinel,https://www.gpkmedia.com/,Print,Truth or Consequences,Southwest NM,Weekly,23000,2,1.5,English,No,1967,GPK Media,Private individual or family,https://www.facebook.com/SierraCountySentinel.KCHSRadio/,https://www.instagram.com/sierra_county_news/?hl=en,https://www.youtube.com/channel/UC0eojn0l4DaP0_lRiZfZtJQ,https://twitter.com/Sierraco_News,,,2,"Weekly paper and website based in Truth or Consequences, covering public afairs and culture.",2025,217 E 3rd Ave,Truth or Consequences,Sierra,NM,87901,Sierra,33.1328953,-107.248393,33.1328953,-107.248393,Success,"217 E 3rd Ave, Truth or Consequences, NM, 87901"
Silver City Daily Press and Independent,scdailypress.com,Print,Silver City,Southwest NM,Semi-Daily (fewer than 7 days a week),12000,5,0.7,English,No,1896,Silver City Independent Publishing Co LLC,Private individual or family,,,,https://twitter.com/SCDailyPress,,,2.5,"Strong coverage of Grant County public affairs, sports, business, arts and culture.",2025,300 W Market St,Silver City,Grant,NM,88061,"Catron, Grant",32.7714554,-108.2779057,32.7714554,-108.2779057,Success,"300 W Market St, Silver City, NM, 88061"
Source New Mexico,sourcenm.com,Multiplatform,Santa Fe,North Central NM,Daily,*,5,0,English,Yes - Spanish,2021,States Newsroom,Nonprofit organization,,,,,,,2.75,"Online-only States Newsroom member with aggressive coverage of state government and politics, environment and health.",2025,63 Lincoln Ave.,Santa Fe,Santa Fe,NM,87501,All,35.6877047,-105.9387678,35.6877047,-105.9387678,Success,"63 Lincoln Ave., Santa Fe, NM, 87501"
Southwest Contemporary,https://southwestcontemporary.com/,Digital,Santa Fe,North Central NM,Semi-Daily (fewer than 7 days a week),24000,1.5,15,English,No,2019,Lauren Tresp,Private individual or family,https://www.facebook.com/swcontemporary/,https://www.instagram.com/swcontemporary/,,,,,1.75,"A robust Santa Fe-based outlet with wide, newsy coverage of contemporary art in the greater Southwest.",2025,369 Montezuma Ave #258,Santa Fe,Santa Fe,NM,87501,All,35.6876096,-105.938456,35.6851993,-105.9453286,Success,"369 Montezuma Ave #258, Santa Fe, NM 87501, USA"
State Line Tribune,https://statelinetribune.com/,Print,Farwell,Out of State,Weekly,2500,2,0,English,No,1912,Rob and Rebecca Pomper,Private individual or family,,,,,,,2,"Print-only paper with some schools, events and government coverage of border town Texico and Curry County.",2025,404 3rd St,Farwell,Parmer,TX,79325,Curry,34.3847177,-103.040281,34.3847177,-103.040281,Success,"404 3rd St, Farwell, TX, 79325"
Taos News,www.taosnews.com,Print,Taos,North Central NM,More than once a day,200000,10.5,3,English,Yes - Spanish,1959,Robin Martin,For profit organization,,,,https://twitter.com/taosnews,,,2.75,"Deep coverage of arts and culture, plus government, public safety, sports and frequent special issues.",2025,226 Albright Steet,Taos,Taos,NM,87571,"Colfax, Rio Arriba, Taos",36.4072377,-105.573284,36.3946558,-105.5740335,Success,"226 Albright St, Taos, NM 87571, USA"
The Chase,https://enmuthechaseonline.com/,Digital,Portales,Eastern NM,Occasionally or Sporadically,*,*,*,English,No,1934,Eastern New Mexico University,Nonprofit organization,https://www.facebook.com/ENMUTheChase/,,,https://x.com/BytesEnmu,,,2,ENMU student newspaper with reporting during the schoolyear.,2025,"1500 S. Ave. K, Station 27",Portales,Roosevelt,NM,88130,Roosevelt,34.1859636,-103.3373367,34.175521,-103.3481701,Success,"CUB - Campus Union Building, 1500 S Avenue K, Portales, NM 88130, USA"
The Independent News,https://edgewood.nm.news/,Digital,Albuquerque,Central NM,Semi-Daily (fewer than 7 days a week),5000,2,1,English,No,1999,Ctrl+P Publishing,For profit organization,,,,,,,2,"Monthly free paper mailed to every East Mtns. household, updated more frequently online, plus newsletter; news by the shared nm.news team.",2025,317 Commercial St NE Box 2,Albuquerque,Bernalillo,NM,87102,"Bernalillo, Santa Fe, Torrance",35.0841034,-106.650985,35.0862678,-106.6461621,Success,"317 Commercial St NE, Albuquerque, NM 87102, USA"
The Paper.,https://abq.news,Digital,Albuquerque,Central NM,Semi-Daily (fewer than 7 days a week),58000,2,2,English,No,2020,Ctrl+P Publishing Inc.,For profit organization,,,,,,,2,"Free alt weekly, website and newseltter covering the ABQ metro area with news by the shared nm.news team.",2025,120 Dartmouth Dr SE 87106,Albuquerque,Bernalillo,NM,87106,Bernalillo,35.0841034,-106.650985,35.0795017,-106.6116415,Success,"120 Dartmouth Dr SE, Albuquerque, NM 87106, USA"
The Ratonian,www.theratonian.com,Digital,Raton,North Central NM,Daily,10000,1,1.5,English,No,2023,Laura L Brewer,For profit organization,,,,,,,1,An online bulletin board allowing community members to upload posts.,2025,228 S 1st St,Raton,Colfax,NM,87740,Colfax,36.9006521,-104.4385159,36.9006521,-104.4385159,Success,"228 S 1st St, Raton, NM, 87740"
The Round Up,https://nmsuroundup.com,Digital,Las Cruces,Southwest NM,Semi-Daily (fewer than 7 days a week),11000,2.875,3.25,English,No,1907,NMSU Journalism Department,Nonprofit organization,https://www.facebook.com/NMSUroundup/,https://www.instagram.com/nmsuroundup/,https://www.youtube.com/channel/UCzD7WkZZMQoGB2iG27oN7Xw/featured,,,,2.5,The Independent student newspaper at NMSU with strong coverage of campus and Las Cruces. Publishes during the school year.,2025,2795 S Locust St.,Las Cruces,Doña Ana,NM,88003,"Doña Ana, Otero",32.3140354,-106.779807,32.2847228,-106.7471639,Success,"2795 S Locust St., Las Cruces, NM, 88003"
Tri-City Record,http://tricityrecordnm.com,Print,Farmington,Northwest NM,Daily,*,3,0,English,*,*,Ballantine Communications,For profit organization,,,,,,,2.5,A regional paper and website with wide coverage of Four Corners communities and significant NM-related content from media partners.,2023,108 Main St,Farmington,San Juan,NM,87401,San Juan,36.7291152,-108.205445,36.729175,-108.2049753,Success,"108 Main St, Farmington, NM, 87401"
Union County Leader,https://www.easternnewmexiconews.com/author/union_county_leader,Print,Clayton,Eastern NM,Weekly,1800,2,0,English,No,1928,Terry L Martin,Private individual or family,https://www.facebook.com/pages/Union-County-Leader/1664102353847473 ,https://www.instagram.com/sucasamagazine/,,,,,2,"Weekly print-only newspaper covering Clayton, with no digital presence.",2025,15 N. First Street,Clayton,Union,NM,88415,"Colfax, Harding, Quay, Roosevelt, Union",36.4364797,-103.1760297,36.4364797,-103.1760297,Success,"15 N. First Street, Clayton, NM, 88415"
UpLift Chronicles,https://www.upliftnewmexico.org/,Print,Albuquerque,Central NM,Monthly,9500,2.5,2,English,No,2022,New Mexico Black Leadership Council,Nonprofit organization,,,,,,,2,"Project of the NM Black Leadership Council with coverage of arts and culture, food, local businesses and government.",2025,1314 Madeira Dr SE,Albuquerque,Bernalillo,NM,87108,"Bernalillo, Santa Fe, Torrance, Valencia",35.0598091,-106.5841549,35.0598091,-106.5841549,Success,"1314 Madeira Dr SE, Albuquerque, NM, 87108"
Valencia County News-Bulletin,https://www.news-bulletin.com/,Print,Belen,Central NM,Weekly,200000,4,0,English,No,1910,Journal Publishing Company,Private individual or family,https://www.facebook.com/valenciacountynewsbulletin,https://www.instagram.com/vcnewsbulletin/,,https://twitter.com/VCNewsBulletin,,,2,"Weekly paper in Belen covering community events, public safety, government and human interest stories; same ownership as ABQ Journal.",2025,"221 S. Main St., Suite B",Belen,Valencia,NM,87002,Valencia,34.6627495,-106.7762,34.6593231,-106.7776478,Success,"221 S Main St Suite B, Belen, NM 87002, USA"
World Journal Newspaper,www.worldjournalnewspaper.com,Print,Walsenburg,Out of State,Weekly,10000,7,3,English,No,2007,"Animas Del Oeste, LLC",For profit organization,,,,,,,2,"Colorado-based weekly with some coverage of Colfax County, including local government, events and historical features.",2025,504 MAIN ST,WALSENBURG,Huerfano,CO,81089,Colfax,37.6245417,-104.7812242,37.6245417,-104.7812242,Success,"504 MAIN ST, WALSENBURG, CO, 81089"